system:index,alarm_date,cbi_over,cbi_over_t,cbi_tot,cbi_tot_t,fire_name,id,source,.geo
0000a0f5d7dffea99da9,1033455600000,0.68,,,,Tar Gap,44,zhu2006,"{""geodesic"":true,""type"":""Point"",""coordinates"":[-118.68152563269095,36.43764870908927]}"
00009985dcc57b292673,1033455600000,0.83,,,,Tar Gap,62,zhu2006,"{""geodesic"":true,""type"":""Point"",""coordinates"":[-118.67408758213843,36.43366018922779]}"
000042f85695004cbf9f,1033455600000,0.43,,,,Tar Gap,59,zhu2006,"{""geodesic"":true,""type"":""Point"",""coordinates"":[-118.67708346361097,36.44208638659282]}"
00001044ac332e5c5057,1033455600000,0.81,,,,Tar Gap,56,zhu2006,"{""geodesic"":true,""type"":""Point"",""coordinates"":[-118.67886661944996,36.44110273135671]}"
0000156c19c3f6116ad8,1033455600000,1.36,,,,Tar Gap,45,zhu2006,"{""geodesic"":true,""type"":""Point"",""coordinates"":[-118.68089232041565,36.44173155205561]}"
000029b5a55d5f699d45,1033455600000,1.14,,,,Tar Gap,51,zhu2006,"{""geodesic"":true,""type"":""Point"",""coordinates"":[-118.68348845158675,36.44171358574992]}"
0000fc56f9fe60343446,1033455600000,0.0,,,,Tar Gap,61,zhu2006,"{""geodesic"":true,""type"":""Point"",""coordinates"":[-118.68273386674811,36.444013272877264]}"
00006865ce43d8e227e7,1033455600000,0.9,,,,Tar Gap,42,zhu2006,"{""geodesic"":true,""type"":""Point"",""coordinates"":[-118.67530479934841,36.44704957853759]}"
0000cd2ea608ad22b966,1022914800000,1.15,,,,Sherman 9,38,zhu2006,"{""geodesic"":true,""type"":""Point"",""coordinates"":[-118.77245759732594,36.572764310973696]}"
0000d44bae655a900f0d,1022914800000,1.28,,,,Sherman 9,39,zhu2006,"{""geodesic"":true,""type"":""Point"",""coordinates"":[-118.77132122849156,36.57244990062425]}"
0000754dc3b7fe6c8fdd,1022914800000,1.18,,,,Sherman 9,40,zhu2006,"{""geodesic"":true,""type"":""Point"",""coordinates"":[-118.771155040164,36.57494721711411]}"
0000ef8766f6dc3f386c,1025506800000,0.0,,,,Highway,2,zhu2006,"{""geodesic"":true,""type"":""Point"",""coordinates"":[-118.76575167372998,36.57223430495607]}"
000064714d5a88f47acc,1025506800000,2.29,,,,Highway,1,zhu2006,"{""geodesic"":true,""type"":""Point"",""coordinates"":[-118.76166433918728,36.57183455465463]}"
0000d73631102600844a,994748400000,3.0,,,,Hoover,186,zhu2006,"{""geodesic"":true,""type"":""Point"",""coordinates"":[-119.4672191296404,37.66653503461194]}"
00006cd5e96b5575f063,994748400000,2.88,,,,Hoover,187,zhu2006,"{""geodesic"":true,""type"":""Point"",""coordinates"":[-119.4693122042524,37.665596295140034]}"
0000a74ae3c8e04d52e1,994748400000,2.7,,,,Hoover,211,zhu2006,"{""geodesic"":true,""type"":""Point"",""coordinates"":[-119.46763235467111,37.66736148467332]}"
00007e7cc2bcc0834e36,994748400000,0.88,,,,Hoover,200,zhu2006,"{""geodesic"":true,""type"":""Point"",""coordinates"":[-119.47492667477815,37.66541663208321]}"
0000cdbee00dddc0297d,994748400000,0.0,,,,Hoover,233,zhu2006,"{""geodesic"":true,""type"":""Point"",""coordinates"":[-119.47640440342052,37.66388949610022]}"
0000d56c273bab4856c9,994748400000,0.91,,,,Hoover,198,zhu2006,"{""geodesic"":true,""type"":""Point"",""coordinates"":[-119.48628587154583,37.67895424341489]}"
0000e91c88bf11935426,994748400000,2.59,,,,Hoover,210,zhu2006,"{""geodesic"":true,""type"":""Point"",""coordinates"":[-119.48485305866767,37.67948874100894]}"
00006ebbc4eee213af47,994748400000,2.51,,,,Hoover,209,zhu2006,"{""geodesic"":true,""type"":""Point"",""coordinates"":[-119.487067405843,37.685417621884135]}"
0000f94623aa77d0e6f0,994748400000,2.38,,,,Hoover,224,zhu2006,"{""geodesic"":true,""type"":""Point"",""coordinates"":[-119.48689672593905,37.68406116580511]}"
0000940d0bb6bc270165,994748400000,2.73,,,,Hoover,177,zhu2006,"{""geodesic"":true,""type"":""Point"",""coordinates"":[-119.48568849188192,37.68039154786948]}"
00001e6465e706f327de,994748400000,2.06,,,,Hoover,223,zhu2006,"{""geodesic"":true,""type"":""Point"",""coordinates"":[-119.48622748105234,37.68100240226269]}"
00008ae1f68b2f573d67,994748400000,2.44,,,,Hoover,207,zhu2006,"{""geodesic"":true,""type"":""Point"",""coordinates"":[-119.48907514050305,37.679960356533115]}"
00001debc2d70b1eb4b5,994748400000,2.75,,,,Hoover,208,zhu2006,"{""geodesic"":true,""type"":""Point"",""coordinates"":[-119.48973989381328,37.683638957621575]}"
0000aee8a138ffca302e,994748400000,2.75,,,,Hoover,206,zhu2006,"{""geodesic"":true,""type"":""Point"",""coordinates"":[-119.49209797143409,37.679246195882236]}"
0000868fbc55fd7a0bdb,994748400000,2.75,,,,Hoover,205,zhu2006,"{""geodesic"":true,""type"":""Point"",""coordinates"":[-119.49431681018586,37.67974925244135]}"
00000bd953deb216d708,994748400000,0.0,,,,Hoover,230,zhu2006,"{""geodesic"":true,""type"":""Point"",""coordinates"":[-119.49610445760128,37.678707206711756]}"
0000d959fa17e9eca0b0,994748400000,1.93,,,,Hoover,199,zhu2006,"{""geodesic"":true,""type"":""Point"",""coordinates"":[-119.49572267360553,37.68043197205727]}"
0000781e80aaa8b210b5,994748400000,1.65,,,,Hoover,219,zhu2006,"{""geodesic"":true,""type"":""Point"",""coordinates"":[-119.50332242090916,37.66605892751136]}"
0000e001715767df4578,994748400000,2.38,,,,Hoover,220,zhu2006,"{""geodesic"":true,""type"":""Point"",""coordinates"":[-119.49946864834025,37.67112542571379]}"
000012a2163d653559c0,994748400000,0.16,,,,Hoover,234,zhu2006,"{""geodesic"":true,""type"":""Point"",""coordinates"":[-119.50064993293891,37.675599035828704]}"
00005994e7921d97ad32,994748400000,1.55,,,,Hoover,196,zhu2006,"{""geodesic"":true,""type"":""Point"",""coordinates"":[-119.4975687115144,37.6763850617023]}"
00009f933a7e0441a0cd,994748400000,1.63,,,,Hoover,221,zhu2006,"{""geodesic"":true,""type"":""Point"",""coordinates"":[-119.49904194858033,37.67290858155277]}"
00002a04c46671274794,994748400000,2.19,,,,Hoover,222,zhu2006,"{""geodesic"":true,""type"":""Point"",""coordinates"":[-119.49447401536058,37.67398206831729]}"
0000e846634e54ef17c4,994748400000,2.6,,,,Hoover,204,zhu2006,"{""geodesic"":true,""type"":""Point"",""coordinates"":[-119.49561487577141,37.67691955929636]}"
00006b20d4ce4c364f8d,994748400000,1.31,,,,Hoover,235,zhu2006,"{""geodesic"":true,""type"":""Point"",""coordinates"":[-119.49379129574467,37.676897101414255]}"
0000e27cb3576987a731,994748400000,0.88,,,,Hoover,197,zhu2006,"{""geodesic"":true,""type"":""Point"",""coordinates"":[-119.48963209597919,37.67434588600736]}"
0000629e71b3eaa62488,994748400000,0.0,,,,Hoover,231,zhu2006,"{""geodesic"":true,""type"":""Point"",""coordinates"":[-119.49298281198895,37.6722617945482]}"
0000ff1c6649bd25fe3b,994748400000,2.69,,,,Hoover,203,zhu2006,"{""geodesic"":true,""type"":""Point"",""coordinates"":[-119.49649971632627,37.67218094617263]}"
0000235ff5975a524408,994748400000,0.75,,,,Hoover,195,zhu2006,"{""geodesic"":true,""type"":""Point"",""coordinates"":[-119.4982469395539,37.670231602006105]}"
0000e3a1c0b822fd31d9,994748400000,0.0,,,,Hoover,229,zhu2006,"{""geodesic"":true,""type"":""Point"",""coordinates"":[-119.49821100694251,37.66503484808746]}"
0000ef38b169b38f1faa,994748400000,0.0,,,,Hoover,232,zhu2006,"{""geodesic"":true,""type"":""Point"",""coordinates"":[-119.49582148828678,37.66045344013846]}"
0000b7c97565ecaf42c5,994748400000,2.5,,,,Hoover,217,zhu2006,"{""geodesic"":true,""type"":""Point"",""coordinates"":[-119.50299902740689,37.65745306708949]}"
0000eb81c15982941258,994748400000,2.5,,,,Hoover,218,zhu2006,"{""geodesic"":true,""type"":""Point"",""coordinates"":[-119.50324606411002,37.66511569646304]}"
00009b84b19274704742,994748400000,0.2,,,,Hoover,238,zhu2006,"{""geodesic"":true,""type"":""Point"",""coordinates"":[-119.50832154546534,37.65390921329364]}"
000001c1dbe2f3f32504,994748400000,1.08,,,,Hoover,193,zhu2006,"{""geodesic"":true,""type"":""Point"",""coordinates"":[-119.5106391988983,37.6520901248433]}"
0000756e05e61aeb390e,994748400000,1.55,,,,Hoover,192,zhu2006,"{""geodesic"":true,""type"":""Point"",""coordinates"":[-119.51000139504657,37.650320443733584]}"
00001ed61b8ccdc23e14,994748400000,0.74,,,,Hoover,237,zhu2006,"{""geodesic"":true,""type"":""Point"",""coordinates"":[-119.50521337458224,37.65315462845498]}"
00000f2be395588caf3c,994748400000,2.38,,,,Hoover,216,zhu2006,"{""geodesic"":true,""type"":""Point"",""coordinates"":[-119.50246902138925,37.65510397262152]}"
0000af927fd1fd90a3ae,994748400000,2.55,,,,Hoover,184,zhu2006,"{""geodesic"":true,""type"":""Point"",""coordinates"":[-119.5006454413625,37.65624932460877]}"
0000ae02a1d6cad4d616,994748400000,,,,,Hoover,176,zhu2006,"{""geodesic"":true,""type"":""Point"",""coordinates"":[-119.50095086855909,37.652283262629375]}"
000004a930b5bfb4dd36,994748400000,0.5,,,,Hoover,202,zhu2006,"{""geodesic"":true,""type"":""Point"",""coordinates"":[-119.49753277890304,37.64558632218627]}"
00009b777d467e635426,994748400000,3.0,,,,Hoover,182,zhu2006,"{""geodesic"":true,""type"":""Point"",""coordinates"":[-119.49497707191968,37.64436910497629]}"
00004a2966065eca426e,994748400000,1.53,,,,Hoover,226,zhu2006,"{""geodesic"":true,""type"":""Point"",""coordinates"":[-119.49755972836154,37.638898364896]}"
00007cf409e0aee7e16a,994748400000,2.8,,,,Hoover,215,zhu2006,"{""geodesic"":true,""type"":""Point"",""coordinates"":[-119.49342747805458,37.64003024215399]}"
000070d359ab979d054f,994748400000,2.98,,,,Hoover,181,zhu2006,"{""geodesic"":true,""type"":""Point"",""coordinates"":[-119.49538131379757,37.64290035948675]}"
00002dda9057bf1d07b3,994748400000,2.59,,,,Hoover,183,zhu2006,"{""geodesic"":true,""type"":""Point"",""coordinates"":[-119.49156347384002,37.643322567670275]}"
0000be0f4c41b43310dd,994748400000,2.6,,,,Hoover,180,zhu2006,"{""geodesic"":true,""type"":""Point"",""coordinates"":[-119.49332866337333,37.641184577294084]}"
0000ac6f9dfb9b511755,994748400000,2.93,,,,Hoover,179,zhu2006,"{""geodesic"":true,""type"":""Point"",""coordinates"":[-119.49044956288772,37.641759499075924]}"
0000a73ca3db45ece9bf,994748400000,1.78,,,,Hoover,227,zhu2006,"{""geodesic"":true,""type"":""Point"",""coordinates"":[-119.49633352799871,37.64900890341877]}"
00001d5a5223676a84bd,994748400000,2.2,,,,Hoover,228,zhu2006,"{""geodesic"":true,""type"":""Point"",""coordinates"":[-119.49901949069823,37.64824533542727]}"
0000af23b73d0cf81a4f,994748400000,1.8,,,,Hoover,194,zhu2006,"{""geodesic"":true,""type"":""Point"",""coordinates"":[-119.49890270971129,37.650872907633314]}"
000018fb52be83a5ed82,994748400000,2.8,,,,Hoover,185,zhu2006,"{""geodesic"":true,""type"":""Point"",""coordinates"":[-119.49738455688114,37.65729137033835]}"
00005d8008e81af76aa6,994748400000,2.3,,,,Hoover,191,zhu2006,"{""geodesic"":true,""type"":""Point"",""coordinates"":[-119.4754791386779,37.6609430219683]}"
0000e8ce377d0f0174fa,994748400000,2.31,,,,Hoover,225,zhu2006,"{""geodesic"":true,""type"":""Point"",""coordinates"":[-119.47001289017399,37.66460814832751]}"
0000522cfc68a348e072,994748400000,2.98,,,,Hoover,188,zhu2006,"{""geodesic"":true,""type"":""Point"",""coordinates"":[-119.46866541724785,37.66395237817008]}"
0000a59ce1553814e8fc,994748400000,1.21,,,,Hoover,236,zhu2006,"{""geodesic"":true,""type"":""Point"",""coordinates"":[-119.46556622951765,37.66278456830075]}"
000043ba6fd9d50073ca,994748400000,2.95,,,,Hoover,190,zhu2006,"{""geodesic"":true,""type"":""Point"",""coordinates"":[-119.46820278487651,37.661270907047]}"
0000c46f3cb6d9f17190,994748400000,2.88,,,,Hoover,189,zhu2006,"{""geodesic"":true,""type"":""Point"",""coordinates"":[-119.46910110016063,37.66267227889023]}"
000062a4228789ba71b8,994748400000,2.91,,,,Hoover,212,zhu2006,"{""geodesic"":true,""type"":""Point"",""coordinates"":[-119.47003534805613,37.659429360714554]}"
00006933e0cabbbb2dcc,994748400000,1.38,,,,Hoover,201,zhu2006,"{""geodesic"":true,""type"":""Point"",""coordinates"":[-119.4687282993177,37.658301975032984]}"
000005dd88720d9a2cbe,994748400000,1.71,,,,Hoover,213,zhu2006,"{""geodesic"":true,""type"":""Point"",""coordinates"":[-119.47131095575959,37.65582262484882]}"
00009518dce608599d94,994748400000,2.4,,,,Hoover,178,zhu2006,"{""geodesic"":true,""type"":""Point"",""coordinates"":[-119.47319741785623,37.657758494286085]}"
0000c255f11cda1a29d3,994748400000,2.9,,,,Hoover,214,zhu2006,"{""geodesic"":true,""type"":""Point"",""coordinates"":[-119.4896770117434,37.640084141071036]}"
0000c83e625f50db6980,931676400000,1.26,,,,Lost,157,zhu2006,"{""geodesic"":true,""type"":""Point"",""coordinates"":[-119.58009693666642,37.638116830598804]}"
000057da79156574faa1,931676400000,0.81,,,,Lost,153,zhu2006,"{""geodesic"":true,""type"":""Point"",""coordinates"":[-119.58022719238264,37.639320573079516]}"
0000876a4b8c9154ea1b,931676400000,1.78,,,,Lost,143,zhu2006,"{""geodesic"":true,""type"":""Point"",""coordinates"":[-119.57999363040878,37.640353635656275]}"
000048bb7438485b4d7c,931676400000,0.61,,,,Lost,152,zhu2006,"{""geodesic"":true,""type"":""Point"",""coordinates"":[-119.57990829045679,37.64131034143387]}"
000008760f5edb13f50c,931676400000,0.1,,,,Lost,168,zhu2006,"{""geodesic"":true,""type"":""Point"",""coordinates"":[-119.57910878985389,37.6429093426396]}"
00006ce6c47c6179c4ea,931676400000,1.06,,,,Lost,169,zhu2006,"{""geodesic"":true,""type"":""Point"",""coordinates"":[-119.57992625676245,37.64342138235154]}"
0000d75c6b29c00f8844,931676400000,0.9,,,,Lost,170,zhu2006,"{""geodesic"":true,""type"":""Point"",""coordinates"":[-119.57968371163577,37.64405469462685]}"
0000efa93e0c59d3dd8b,931676400000,0.75,,,,Lost,171,zhu2006,"{""geodesic"":true,""type"":""Point"",""coordinates"":[-119.57958040537807,37.64451732699817]}"
0000d1f39916676c9345,931676400000,1.69,,,,Lost,172,zhu2006,"{""geodesic"":true,""type"":""Point"",""coordinates"":[-119.57984989996329,37.645590813762695]}"
00007c2663744c52220c,931676400000,2.31,,,,Lost,147,zhu2006,"{""geodesic"":true,""type"":""Point"",""coordinates"":[-119.5936480227274,37.64166068439467]}"
0000b83a64973a335c88,931676400000,3.0,,,,Lost,134,zhu2006,"{""geodesic"":true,""type"":""Point"",""coordinates"":[-119.58649294148937,37.648209402815894]}"
0000360885e995c5f0dd,931676400000,0.89,,,,Lost,156,zhu2006,"{""geodesic"":true,""type"":""Point"",""coordinates"":[-119.58450766471148,37.6496467072705]}"
00003a00926c7f051a3b,931676400000,2.83,,,,Lost,133,zhu2006,"{""geodesic"":true,""type"":""Point"",""coordinates"":[-119.58573835665072,37.64873940883353]}"
000036dcec0db92e46c2,931676400000,2.8,,,,Lost,148,zhu2006,"{""geodesic"":true,""type"":""Point"",""coordinates"":[-119.58528919900864,37.64736947802525]}"
00007c3cda018c9060ac,931676400000,1.94,,,,Lost,149,zhu2006,"{""geodesic"":true,""type"":""Point"",""coordinates"":[-119.58474122668534,37.64753117477639]}"
0000a2f9616b94f8b0df,931676400000,1.21,,,,Lost,164,zhu2006,"{""geodesic"":true,""type"":""Point"",""coordinates"":[-119.58429656061969,37.64768837995111]}"
0000a952ae42eb52f982,931676400000,1.25,,,,Lost,165,zhu2006,"{""geodesic"":true,""type"":""Point"",""coordinates"":[-119.58368570622653,37.64791745034856]}"
000002dafdd900edc85f,931676400000,0.33,,,,Lost,166,zhu2006,"{""geodesic"":true,""type"":""Point"",""coordinates"":[-119.58327697277221,37.64815999547527]}"
000049c5e3c5a1274f0b,931676400000,2.08,,,,Lost,138,zhu2006,"{""geodesic"":true,""type"":""Point"",""coordinates"":[-119.5883524541275,37.644611650103]}"
0000025361f634a4715b,931676400000,1.3,,,,Lost,145,zhu2006,"{""geodesic"":true,""type"":""Point"",""coordinates"":[-119.58643455099589,37.64666430052721]}"
00006100ac548ae5533a,931676400000,2.54,,,,Lost,146,zhu2006,"{""geodesic"":true,""type"":""Point"",""coordinates"":[-119.58678938553314,37.64738744433094]}"
00008bd3961eb0475d3d,931676400000,2.95,,,,Lost,135,zhu2006,"{""geodesic"":true,""type"":""Point"",""coordinates"":[-119.58760685244167,37.64655650269312]}"
000004f0fd4cf1e2d42e,931676400000,0.91,,,,Lost,155,zhu2006,"{""geodesic"":true,""type"":""Point"",""coordinates"":[-119.58878813704031,37.646727182597104]}"
0000fc12ab49dabdf0bc,931676400000,2.26,,,,Lost,150,zhu2006,"{""geodesic"":true,""type"":""Point"",""coordinates"":[-119.58864440659485,37.64577496839595]}"
0000a2a6fbf4f2922d63,931676400000,2.81,,,,Lost,136,zhu2006,"{""geodesic"":true,""type"":""Point"",""coordinates"":[-119.58776854919282,37.64615226081527]}"
0000c6723db0891364c6,931676400000,2.05,,,,Lost,137,zhu2006,"{""geodesic"":true,""type"":""Point"",""coordinates"":[-119.58767422608798,37.645370726518095]}"
0000f65faeea4012ad3d,931676400000,2.41,,,,Lost,151,zhu2006,"{""geodesic"":true,""type"":""Point"",""coordinates"":[-119.5893316177872,37.64560878006837]}"
0000004bc38d42d835eb,931676400000,2.64,,,,Lost,139,zhu2006,"{""geodesic"":true,""type"":""Point"",""coordinates"":[-119.58996942163895,37.6434977391507]}"
00003fd8703d3101391e,931676400000,2.73,,,,Lost,140,zhu2006,"{""geodesic"":true,""type"":""Point"",""coordinates"":[-119.59042307085743,37.642994682591585]}"
00008ec9d27b156fd782,931676400000,2.65,,,,Lost,154,zhu2006,"{""geodesic"":true,""type"":""Point"",""coordinates"":[-119.58906212320197,37.64324621087114]}"
000033fc2f956d84ef1f,931676400000,2.54,,,,Lost,144,zhu2006,"{""geodesic"":true,""type"":""Point"",""coordinates"":[-119.5906880738662,37.64239730292765]}"
00003d8593e2786ff59b,931676400000,1.13,,,,Lost,158,zhu2006,"{""geodesic"":true,""type"":""Point"",""coordinates"":[-119.58217653654917,37.63981015490938]}"
000055b2a6f9fbdddef2,931676400000,0.33,,,,Lost,142,zhu2006,"{""geodesic"":true,""type"":""Point"",""coordinates"":[-119.5828143404009,37.6395092192892]}"
000042e7d5d8c9f941c1,931676400000,0.5,,,,Lost,160,zhu2006,"{""geodesic"":true,""type"":""Point"",""coordinates"":[-119.58093236988066,37.639154384751976]}"
000017499f575b218bcf,931676400000,0.34,,,,Lost,159,zhu2006,"{""geodesic"":true,""type"":""Point"",""coordinates"":[-119.58116593185456,37.638404291489735]}"
0000df4a09d8e6fa0c6a,931676400000,2.16,,,,Lost,141,zhu2006,"{""geodesic"":true,""type"":""Point"",""coordinates"":[-119.59220173511994,37.64131034143387]}"
0000fb1693aa6b163d06,931676400000,2.79,,,,Lost,161,zhu2006,"{""geodesic"":true,""type"":""Point"",""coordinates"":[-119.59494608831297,37.63981015490938]}"
00006831f0969ff41ce8,931676400000,0.48,,,,Lost,162,zhu2006,"{""geodesic"":true,""type"":""Point"",""coordinates"":[-119.59563329950528,37.63957659293551]}"
0000fd1841434378139c,931676400000,0.79,,,,Lost,163,zhu2006,"{""geodesic"":true,""type"":""Point"",""coordinates"":[-119.59724128386387,37.638444715677515]}"
000006b408a0547498e7,931676400000,1.91,,,,Lost,173,zhu2006,"{""geodesic"":true,""type"":""Point"",""coordinates"":[-119.59751527002551,37.63749699305278]}"
000054255d191b2e3076,931676400000,1.84,,,,Lost,175,zhu2006,"{""geodesic"":true,""type"":""Point"",""coordinates"":[-119.59730416593378,37.636450455746775]}"
00005647d9855b46dc04,931676400000,2.98,,,,Lost,174,zhu2006,"{""geodesic"":true,""type"":""Point"",""coordinates"":[-119.59680110937464,37.63663011880359]}"
0000a17d214468a1fbd5,931676400000,0.49,,,,Lost,167,zhu2006,"{""geodesic"":true,""type"":""Point"",""coordinates"":[-119.59784764668063,37.639293623621015]}"
00002065dd7846b9b7ae,1030863600000,2.28,,,,PW-3,260,zhu2006,"{""geodesic"":true,""type"":""Point"",""coordinates"":[-119.79153789666607,37.78429518520717]}"
0000ac95255b76b1b62b,1030863600000,1.49,,,,PW-3,267,zhu2006,"{""geodesic"":true,""type"":""Point"",""coordinates"":[-119.791740017605,37.78339686992305]}"
0000e7eaa3c748ea58f6,1030863600000,2.74,,,,WOLF,286,zhu2006,"{""geodesic"":true,""type"":""Point"",""coordinates"":[-119.6532287839466,37.88738584721271]}"
0000a5fd14e1006d9bfc,1030863600000,1.01,,,,WOLF,290,zhu2006,"{""geodesic"":true,""type"":""Point"",""coordinates"":[-119.65609440970296,37.887736190173534]}"
0000cc3bf6a0ca5bd836,1030863600000,1.08,,,,WOLF,298,zhu2006,"{""geodesic"":true,""type"":""Point"",""coordinates"":[-119.66369864858304,37.86148741757156]}"
0000969f9bb21ef2f391,1030863600000,1.46,,,,WOLF,293,zhu2006,"{""geodesic"":true,""type"":""Point"",""coordinates"":[-119.66524824244814,37.860027655234866]}"
00009d71d4bdd794019a,1030863600000,1.78,,,,WOLF,302,zhu2006,"{""geodesic"":true,""type"":""Point"",""coordinates"":[-119.65766646145016,37.86317175872928]}"
00009adce351c9303530,1030863600000,2.1,,,,WOLF,303,zhu2006,"{""geodesic"":true,""type"":""Point"",""coordinates"":[-119.65853782727574,37.86403414140204]}"
0000d0637e2c2512d318,1030863600000,0.2,,,,WOLF,309,zhu2006,"{""geodesic"":true,""type"":""Point"",""coordinates"":[-119.65553745422679,37.86625747173023]}"
00006e014a156d01b4f9,1030863600000,0.81,,,,WOLF,283,zhu2006,"{""geodesic"":true,""type"":""Point"",""coordinates"":[-119.65178249633918,37.87312509207733]}"
0000b0cdb8a4c00e938a,1030863600000,1.43,,,,WOLF,301,zhu2006,"{""geodesic"":true,""type"":""Point"",""coordinates"":[-119.6562561064541,37.8723121167452]}"
0000d0229a4ad7921bc0,1030863600000,2.34,,,,WOLF,300,zhu2006,"{""geodesic"":true,""type"":""Point"",""coordinates"":[-119.65855579358147,37.87214592841763]}"
0000f5f75f64fa764df4,1030863600000,2.29,,,,WOLF,282,zhu2006,"{""geodesic"":true,""type"":""Point"",""coordinates"":[-119.65901842595275,37.87195279063155]}"
00002e476662a9f458d2,1030863600000,2.65,,,,WOLF,307,zhu2006,"{""geodesic"":true,""type"":""Point"",""coordinates"":[-119.65970563714517,37.871894400138075]}"
00009f2d4d2768c9e7ee,1030863600000,0.68,,,,WOLF,296,zhu2006,"{""geodesic"":true,""type"":""Point"",""coordinates"":[-119.65999309803603,37.8696710698099]}"
0000052a870bddc43cdf,1030863600000,2.08,,,,WOLF,281,zhu2006,"{""geodesic"":true,""type"":""Point"",""coordinates"":[-119.6728479897518,37.86309091035371]}"
0000f1afa78eafb1e7f2,1030863600000,0.7,,,,WOLF,305,zhu2006,"{""geodesic"":true,""type"":""Point"",""coordinates"":[-119.67194069131483,37.863427778585255]}"
00001e4970ce35f7c897,1030863600000,0.82,,,,WOLF,304,zhu2006,"{""geodesic"":true,""type"":""Point"",""coordinates"":[-119.6711142412534,37.86447880746768]}"
00005ac6f5ba9cb8e981,1030863600000,1.48,,,,WOLF,306,zhu2006,"{""geodesic"":true,""type"":""Point"",""coordinates"":[-119.67187331766854,37.86477075993501]}"
0000452296cd784602a2,1030863600000,2.55,,,,WOLF,280,zhu2006,"{""geodesic"":true,""type"":""Point"",""coordinates"":[-119.67261891935432,37.865201951271395]}"
0000a822941725e5bb18,1030863600000,0.7,,,,WOLF,310,zhu2006,"{""geodesic"":true,""type"":""Point"",""coordinates"":[-119.66754792957548,37.86581280566458]}"
00001a8245e16ef4ebd3,1030863600000,0.8,,,,WOLF,295,zhu2006,"{""geodesic"":true,""type"":""Point"",""coordinates"":[-119.66787581465421,37.869554288822954]}"
00007a22b2417921941f,1030863600000,0.62,,,,WOLF,313,zhu2006,"{""geodesic"":true,""type"":""Point"",""coordinates"":[-119.67200357338469,37.87180456860967]}"
0000a55048673b8a735f,1030863600000,0.29,,,,WOLF,297,zhu2006,"{""geodesic"":true,""type"":""Point"",""coordinates"":[-119.67007219552387,37.87210101265343]}"
0000f061795bbbbe8050,1030863600000,0.0,,,,WOLF,311,zhu2006,"{""geodesic"":true,""type"":""Point"",""coordinates"":[-119.66590850418196,37.87171922865768]}"
000035b7ed4e802d41f4,1030863600000,0.96,,,,WOLF,294,zhu2006,"{""geodesic"":true,""type"":""Point"",""coordinates"":[-119.66240507457388,37.87043463780139]}"
00008756145f2e6c35c9,1030863600000,0.64,,,,WOLF,308,zhu2006,"{""geodesic"":true,""type"":""Point"",""coordinates"":[-119.66541443077567,37.87944024852469]}"
0000c633c57bc74bc464,1030863600000,0.0,,,,WOLF,312,zhu2006,"{""geodesic"":true,""type"":""Point"",""coordinates"":[-119.66501018889788,37.88059458366478]}"
00005802feb4082ff0b1,1030863600000,0.97,,,,WOLF,284,zhu2006,"{""geodesic"":true,""type"":""Point"",""coordinates"":[-119.65971462029796,37.8809045024378]}"
000093166a59827573ee,1030863600000,1.99,,,,WOLF,289,zhu2006,"{""geodesic"":true,""type"":""Point"",""coordinates"":[-119.66113845002327,37.88035653011449]}"
0000c14c85bc8a09f603,1030863600000,2.77,,,,WOLF,287,zhu2006,"{""geodesic"":true,""type"":""Point"",""coordinates"":[-119.65933732787863,37.878667697380344]}"
0000b02ef9e3f2641d2d,1030863600000,0.62,,,,WOLF,288,zhu2006,"{""geodesic"":true,""type"":""Point"",""coordinates"":[-119.6499364584303,37.88499183698055]}"
00001a4d39d059a2da97,1030863600000,0.99,,,,WOLF,285,zhu2006,"{""geodesic"":true,""type"":""Point"",""coordinates"":[-119.65313446084177,37.88541404516408]}"
0000e72b2969c1417db3,1030863600000,1.11,,,,WOLF,291,zhu2006,"{""geodesic"":true,""type"":""Point"",""coordinates"":[-119.6504979054829,37.88673456863174]}"
0000a4194356a45c6612,1030863600000,2.28,,,,WOLF,299,zhu2006,"{""geodesic"":true,""type"":""Point"",""coordinates"":[-119.64692261065208,37.887192709426635]}"
0000d3a1d91c441a90d0,1030863600000,0.71,,,,WOLF,292,zhu2006,"{""geodesic"":true,""type"":""Point"",""coordinates"":[-119.64297900655481,37.87578410531832]}"
0000f815c3dddeabde8d,1058943600000,0.0,,,,WHISKEY,363,zhu2006,"{""geodesic"":true,""type"":""Point"",""coordinates"":[-119.60611214729458,37.85065373524507]}"
00004d9c80308f6282d4,1058943600000,0.0,,,,WHISKEY,336,zhu2006,"{""geodesic"":true,""type"":""Point"",""coordinates"":[-119.60735631396305,37.848187859790166]}"
0000f8d6c174650a157a,1058943600000,0.28,,,,WHISKEY,337,zhu2006,"{""geodesic"":true,""type"":""Point"",""coordinates"":[-119.60448619663028,37.8450976552128]}"
000063159ab6f2ae89ee,931935600000,0.68,,,,Dark,125,zhu2006,"{""geodesic"":true,""type"":""Point"",""coordinates"":[-119.60489043850815,37.843049496365005]}"
000093466a59344100a7,931935600000,1.63,,,,Dark,111,zhu2006,"{""geodesic"":true,""type"":""Point"",""coordinates"":[-119.60488145535531,37.8423533020198]}"
00001e02702b7a6f4510,931935600000,0.95,,,,Dark,102,zhu2006,"{""geodesic"":true,""type"":""Point"",""coordinates"":[-119.60557315812406,37.84181431284934]}"
0000b8127a4c1786b677,931935600000,1.6,,,,Dark,122,zhu2006,"{""geodesic"":true,""type"":""Point"",""coordinates"":[-119.60655681336019,37.841778380237976]}"
00006f5cf941b0617ddd,931935600000,1.39,,,,Dark,121,zhu2006,"{""geodesic"":true,""type"":""Point"",""coordinates"":[-119.60721707509401,37.84207482428174]}"
0000f989634a8a84dd39,931935600000,0.88,,,,Dark,110,zhu2006,"{""geodesic"":true,""type"":""Point"",""coordinates"":[-119.61766448184835,37.83861631043788]}"
0000c9bccab0db87173a,931935600000,1.14,,,,Dark,101,zhu2006,"{""geodesic"":true,""type"":""Point"",""coordinates"":[-119.61798787535058,37.84116303426834]}"
0000b5670e4bdc306076,931935600000,1.54,,,,Dark,130,zhu2006,"{""geodesic"":true,""type"":""Point"",""coordinates"":[-119.61871101915432,37.83097164737002]}"
00009f5731823f59b781,931935600000,0.4,,,,Dark,131,zhu2006,"{""geodesic"":true,""type"":""Point"",""coordinates"":[-119.6193128903947,37.83100308840496]}"
0000df3684c3094ce85d,931935600000,0.86,,,,Dark,132,zhu2006,"{""geodesic"":true,""type"":""Point"",""coordinates"":[-119.62078163588423,37.83073808539615]}"
00002f3a939eae7c7b15,931935600000,0.7,,,,Dark,120,zhu2006,"{""geodesic"":true,""type"":""Point"",""coordinates"":[-119.61947009556941,37.82896840428643]}"
0000d521c861f188213d,931935600000,0.53,,,,Dark,124,zhu2006,"{""geodesic"":true,""type"":""Point"",""coordinates"":[-119.61907034526797,37.83009578996799]}"
00005c6a38ea1f834e87,931935600000,1.34,,,,Dark,123,zhu2006,"{""geodesic"":true,""type"":""Point"",""coordinates"":[-119.6171389674071,37.82970502281941]}"
000032d67b4ce1a62e9d,931935600000,1.06,,,,Dark,112,zhu2006,"{""geodesic"":true,""type"":""Point"",""coordinates"":[-119.6160205648784,37.82984426168845]}"
0000b28ed8b3cfe4acb6,931935600000,1.65,,,,Dark,115,zhu2006,"{""geodesic"":true,""type"":""Point"",""coordinates"":[-119.61536928629742,37.83001494159243]}"
0000302791872e9f35c0,931935600000,0.33,,,,Dark,119,zhu2006,"{""geodesic"":true,""type"":""Point"",""coordinates"":[-119.61938026404098,37.83666696627134]}"
00006e363cc66d766828,931935600000,1.43,,,,Dark,116,zhu2006,"{""geodesic"":true,""type"":""Point"",""coordinates"":[-119.61679760759914,37.83815816964297]}"
0000d94af03a314effa4,931935600000,1.66,,,,Dark,113,zhu2006,"{""geodesic"":true,""type"":""Point"",""coordinates"":[-119.61792499328071,37.835898906703406]}"
0000447101e0e8707fd8,931935600000,2.09,,,,Dark,104,zhu2006,"{""geodesic"":true,""type"":""Point"",""coordinates"":[-119.61670777607073,37.836716373611964]}"
00009e80df4295c04a8f,931935600000,1.11,,,,Dark,114,zhu2006,"{""geodesic"":true,""type"":""Point"",""coordinates"":[-119.61245874477684,37.83279522739678]}"
00008eb9bcc1c0da7598,931935600000,1.73,,,,Dark,105,zhu2006,"{""geodesic"":true,""type"":""Point"",""coordinates"":[-119.61461020988231,37.83148368708196]}"
00001d6da2e9d53984eb,931935600000,1.36,,,,Dark,118,zhu2006,"{""geodesic"":true,""type"":""Point"",""coordinates"":[-119.61347384104792,37.83051799815153]}"
0000ffd07a6ea1f6866a,931935600000,2.01,,,,Dark,129,zhu2006,"{""geodesic"":true,""type"":""Point"",""coordinates"":[-119.61280010458482,37.83041918347029]}"
00007a1e30b5c5623e2e,931935600000,1.99,,,,Dark,128,zhu2006,"{""geodesic"":true,""type"":""Point"",""coordinates"":[-119.61276866354986,37.82916154207251]}"
0000715f31be0b548520,931935600000,1.34,,,,Dark,107,zhu2006,"{""geodesic"":true,""type"":""Point"",""coordinates"":[-119.61509530013572,37.826340832080376]}"
0000ceba30b54d93b8d4,931935600000,0.91,,,,Dark,126,zhu2006,"{""geodesic"":true,""type"":""Point"",""coordinates"":[-119.61370291144534,37.82507420752977]}"
0000c8c6e37286de8525,931935600000,1.79,,,,Dark,103,zhu2006,"{""geodesic"":true,""type"":""Point"",""coordinates"":[-119.61297078448878,37.82604887961304]}"
0000f50501b1fb74d2c8,931935600000,2.25,,,,Dark,127,zhu2006,"{""geodesic"":true,""type"":""Point"",""coordinates"":[-119.6110304234751,37.828011698508845]}"
0000e8a9f4dc1a3c72be,931935600000,1.65,,,,Dark,108,zhu2006,"{""geodesic"":true,""type"":""Point"",""coordinates"":[-119.61327621168537,37.824378013184585]}"
0000264c5d8889077bac,931935600000,0.59,,,,Dark,117,zhu2006,"{""geodesic"":true,""type"":""Point"",""coordinates"":[-119.61523004742837,37.82520446324596]}"
000012a20f8243ad9553,931935600000,0.59,,,,Dark,109,zhu2006,"{""geodesic"":true,""type"":""Point"",""coordinates"":[-119.61689193070397,37.825680570346556]}"
000042d767ae634ad212,931935600000,0.46,,,,Dark,106,zhu2006,"{""geodesic"":true,""type"":""Point"",""coordinates"":[-119.61610141325394,37.825514382018994]}"
00001f4b49e2d49aac74,1030863600000,1.79,,,,PW-3,264,zhu2006,"{""geodesic"":true,""type"":""Point"",""coordinates"":[-119.72914540860758,37.793426560070245]}"
0000194be1f289654a13,1030863600000,0.13,,,,PW-3,252,zhu2006,"{""geodesic"":true,""type"":""Point"",""coordinates"":[-119.73365045975741,37.79157153900853]}"
000080dbf58383514ebb,1030863600000,1.61,,,,PW-3,265,zhu2006,"{""geodesic"":true,""type"":""Point"",""coordinates"":[-119.73944010176356,37.792707907842946]}"
000046839133670755af,1030863600000,0.51,,,,PW-3,253,zhu2006,"{""geodesic"":true,""type"":""Point"",""coordinates"":[-119.73450835085374,37.796346084743625]}"
00003579c0d92b7c49d1,1030863600000,0.29,,,,PW-3,270,zhu2006,"{""geodesic"":true,""type"":""Point"",""coordinates"":[-119.74045070645822,37.797046770665254]}"
0000795e01db5ba9bcf8,1058943600000,0.0,,,,TUOLOMNE,332,zhu2006,"{""geodesic"":true,""type"":""Point"",""coordinates"":[-119.71029875394672,37.83242691813029]}"
000002414fe65e8b73a3,1058943600000,2.22,,,,TUOLOMNE,329,zhu2006,"{""geodesic"":true,""type"":""Point"",""coordinates"":[-119.71210885924422,37.83372498371584]}"
0000bb5221f7c83d94d3,1058943600000,0.0,,,,TUOLOMNE,334,zhu2006,"{""geodesic"":true,""type"":""Point"",""coordinates"":[-119.71795240016742,37.83376540790363]}"
000076e6badbf3a7cdbf,1058943600000,0.85,,,,TUOLOMNE,330,zhu2006,"{""geodesic"":true,""type"":""Point"",""coordinates"":[-119.71303861556329,37.840138954844456]}"
00000536ebde5ad96dbb,1058943600000,2.5,,,,TUOLOMNE,323,zhu2006,"{""geodesic"":true,""type"":""Point"",""coordinates"":[-119.71152944588599,37.83934394581801]}"
0000ab8dff725ead42e7,1058943600000,0.28,,,,TUOLOMNE,316,zhu2006,"{""geodesic"":true,""type"":""Point"",""coordinates"":[-119.71235589594735,37.83698137662078]}"
0000e5782b5c4fc5a376,1058943600000,2.13,,,,TUOLOMNE,328,zhu2006,"{""geodesic"":true,""type"":""Point"",""coordinates"":[-119.70928365767568,37.83752036579124]}"
0000f429f6916d52610a,1058943600000,0.0,,,,TUOLOMNE,335,zhu2006,"{""geodesic"":true,""type"":""Point"",""coordinates"":[-119.71510474071674,37.842227537880035]}"
00000083d8e3d903c346,1058943600000,1.45,,,,TUOLOMNE,331,zhu2006,"{""geodesic"":true,""type"":""Point"",""coordinates"":[-119.71779968656912,37.83985598552996]}"
00004ed2054b5531c2d5,1058943600000,2.19,,,,TUOLOMNE,326,zhu2006,"{""geodesic"":true,""type"":""Point"",""coordinates"":[-119.71861266190126,37.84534469191594]}"
0000be0028a98689e6f8,1058943600000,2.78,,,,TUOLOMNE,321,zhu2006,"{""geodesic"":true,""type"":""Point"",""coordinates"":[-119.71712595010602,37.848398963881934]}"
00005090f1fef5ec4226,1058943600000,1.85,,,,TUOLOMNE,325,zhu2006,"{""geodesic"":true,""type"":""Point"",""coordinates"":[-119.71861715347768,37.84855167748024]}"
00005e8f682853d74f85,1058943600000,2.55,,,,TUOLOMNE,320,zhu2006,"{""geodesic"":true,""type"":""Point"",""coordinates"":[-119.73140467154711,37.838795973494705]}"
0000bbb0ce08977dea07,1058943600000,2.6,,,,TUOLOMNE,315,zhu2006,"{""geodesic"":true,""type"":""Point"",""coordinates"":[-119.73181789657782,37.83951462572199]}"
00006af3010957acaca5,1058943600000,2.78,,,,TUOLOMNE,319,zhu2006,"{""geodesic"":true,""type"":""Point"",""coordinates"":[-119.73247366673522,37.839393353158634]}"
0000c314914f8f880f4d,1058943600000,2.75,,,,TUOLOMNE,318,zhu2006,"{""geodesic"":true,""type"":""Point"",""coordinates"":[-119.73322375999746,37.84372772440452]}"
0000f75f7c340bb1f88b,1058943600000,2.78,,,,TUOLOMNE,317,zhu2006,"{""geodesic"":true,""type"":""Point"",""coordinates"":[-119.73224010476135,37.843893912732085]}"
0000ab6604eee1a4e41f,1058943600000,2.13,,,,TUOLOMNE,327,zhu2006,"{""geodesic"":true,""type"":""Point"",""coordinates"":[-119.73020542064279,37.84385798012071]}"
0000ea87e90d9815581a,1058943600000,2.5,,,,TUOLOMNE,324,zhu2006,"{""geodesic"":true,""type"":""Point"",""coordinates"":[-119.72490985204293,37.84158524245189]}"
000013dd8dff702ea111,1058943600000,0.0,,,,TUOLOMNE,333,zhu2006,"{""geodesic"":true,""type"":""Point"",""coordinates"":[-119.72158608549168,37.841221424761834]}"
0000422765f81b7bd79e,1058943600000,2.72,,,,TUOLOMNE,322,zhu2006,"{""geodesic"":true,""type"":""Point"",""coordinates"":[-119.72650436167224,37.840251244254965]}"
00009a9debc0ce90799b,1030863600000,0.74,,,,PW-3,255,zhu2006,"{""geodesic"":true,""type"":""Point"",""coordinates"":[-119.75021090202017,37.80175843433045]}"
00001b7272b21a317228,1030863600000,,,,,PW-3,244,zhu2006,"{""geodesic"":true,""type"":""Point"",""coordinates"":[-119.75435213547996,37.801947080540124]}"
00009d9ba6d518d592f6,1030863600000,2.73,,,,PW-3,245,zhu2006,"{""geodesic"":true,""type"":""Point"",""coordinates"":[-119.76209561322905,37.80412549510409]}"
00005cd63e786d55965f,1030863600000,2.57,,,,PW-3,250,zhu2006,"{""geodesic"":true,""type"":""Point"",""coordinates"":[-119.76344308615523,37.80393235731802]}"
00003bdbcd5512da127e,1030863600000,2.4,,,,PW-3,246,zhu2006,"{""geodesic"":true,""type"":""Point"",""coordinates"":[-119.76414826365327,37.80244115394638]}"
00004cda32c8424dab57,1030863600000,2.78,,,,PW-3,247,zhu2006,"{""geodesic"":true,""type"":""Point"",""coordinates"":[-119.76132755366115,37.80022680677103]}"
0000602ad737ea5615f3,1030863600000,2.55,,,,PW-3,248,zhu2006,"{""geodesic"":true,""type"":""Point"",""coordinates"":[-119.76157459036425,37.79803042590135]}"
0000ef1df4ae2c9c969e,1030863600000,,,,,PW-3,243,zhu2006,"{""geodesic"":true,""type"":""Point"",""coordinates"":[-119.75129786351393,37.80083766116423]}"
000047200b512016a6e0,1030863600000,,,,,PW-3,249,zhu2006,"{""geodesic"":true,""type"":""Point"",""coordinates"":[-119.7510508268108,37.799970786915054]}"
0000559f89ee0248f3ae,1030863600000,0.54,,,,PW-3,254,zhu2006,"{""geodesic"":true,""type"":""Point"",""coordinates"":[-119.74572830875236,37.80154733023869]}"
00006a78403965f7a50b,1030863600000,,,,,PW-3,242,zhu2006,"{""geodesic"":true,""type"":""Point"",""coordinates"":[-119.74783485809363,37.79832686994512]}"
00007768d5288ad815d4,1030863600000,1.02,,,,PW-3,241,zhu2006,"{""geodesic"":true,""type"":""Point"",""coordinates"":[-119.74415625700519,37.79370952938475]}"
000098171ecbfa742a17,1030863600000,,,,,PW-3,272,zhu2006,"{""geodesic"":true,""type"":""Point"",""coordinates"":[-119.74385981296143,37.78729106667971]}"
00003e0317538a50304a,1030863600000,0.29,,,,PW-3,276,zhu2006,"{""geodesic"":true,""type"":""Point"",""coordinates"":[-119.74484795977399,37.785781897002394]}"
000080cb788605ed2211,1030863600000,0.28,,,,PW-3,275,zhu2006,"{""geodesic"":true,""type"":""Point"",""coordinates"":[-119.74720154581838,37.78523841625549]}"
0000daaa099ed4172a76,1030863600000,1.08,,,,PW-3,251,zhu2006,"{""geodesic"":true,""type"":""Point"",""coordinates"":[-119.74820765893662,37.78299711962161]}"
0000ce69516596f6f5fb,1030863600000,0.0,,,,PW-3,274,zhu2006,"{""geodesic"":true,""type"":""Point"",""coordinates"":[-119.7515449002171,37.78385051914153]}"
00003c02cb9efadaa17e,1030863600000,,,,,PW-3,273,zhu2006,"{""geodesic"":true,""type"":""Point"",""coordinates"":[-119.75210185569323,37.78329356366537]}"
000027b39bc0a5f07ea4,1030863600000,0.13,,,,PW-3,256,zhu2006,"{""geodesic"":true,""type"":""Point"",""coordinates"":[-119.75553342007855,37.78209880433749]}"
000005ee2f3bfe817498,1030863600000,0.84,,,,PW-3,257,zhu2006,"{""geodesic"":true,""type"":""Point"",""coordinates"":[-119.76886891047131,37.778640290493634]}"
000002f9a1090848bd97,1030863600000,1.57,,,,PW-3,268,zhu2006,"{""geodesic"":true,""type"":""Point"",""coordinates"":[-119.78561799894375,37.78753361180642]}"
00000b047cd31275c916,1030863600000,2.15,,,,PW-3,261,zhu2006,"{""geodesic"":true,""type"":""Point"",""coordinates"":[-119.7851284171139,37.788701421675775]}"
0000a73a709b3560ae82,1030863600000,1.31,,,,PW-3,262,zhu2006,"{""geodesic"":true,""type"":""Point"",""coordinates"":[-119.78542486115768,37.784528747181035]}"
000098874686241be815,1030863600000,1.35,,,,PW-3,269,zhu2006,"{""geodesic"":true,""type"":""Point"",""coordinates"":[-119.78446366380363,37.78400323273983]}"
0000d91ada958f1190ef,1030863600000,1.54,,,,PW-3,263,zhu2006,"{""geodesic"":true,""type"":""Point"",""coordinates"":[-119.78580664515337,37.782314400005674]}"
0000de6d88694267063e,1030863600000,,,,,PW-3,277,zhu2006,"{""geodesic"":true,""type"":""Point"",""coordinates"":[-119.768491618052,37.777018831405805]}"
000090e225125aa6a049,1030863600000,0.28,,,,PW-3,258,zhu2006,"{""geodesic"":true,""type"":""Point"",""coordinates"":[-119.7686443316503,37.77627772129642]}"
00008d3ea442547057f9,1030863600000,1.42,,,,PW-3,266,zhu2006,"{""geodesic"":true,""type"":""Point"",""coordinates"":[-119.77110571552878,37.77286412321675]}"
0000153ef23c0ce963f0,1030863600000,0.68,,,,PW-3,240,zhu2006,"{""geodesic"":true,""type"":""Point"",""coordinates"":[-119.76580565535247,37.772909038980956]}"
0000c57f765ef230382a,1030863600000,0.36,,,,PW-3,259,zhu2006,"{""geodesic"":true,""type"":""Point"",""coordinates"":[-119.77479779134653,37.76785152393136]}"
000055474c50e04f8bcd,1030863600000,0.18,,,,PW-3,278,zhu2006,"{""geodesic"":true,""type"":""Point"",""coordinates"":[-119.75836760479999,37.774103798308836]}"
0000b3444091393eae03,1030863600000,0.25,,,,PW-3,239,zhu2006,"{""geodesic"":true,""type"":""Point"",""coordinates"":[-119.76284570649128,37.7723745413869]}"
00008d97b72e9e97cd16,1030863600000,0.34,,,,PW-3,279,zhu2006,"{""geodesic"":true,""type"":""Point"",""coordinates"":[-119.75824184066019,37.77559949325689]}"
00005423c3d77406f139,1030863600000,0.17,,,,PW-3,271,zhu2006,"{""geodesic"":true,""type"":""Point"",""coordinates"":[-119.75004920526901,37.779938356079185]}"
0000635da9ef96c5ac14,1030863600000,0.0,,,,WOLF,314,zhu2006,"{""geodesic"":true,""type"":""Point"",""coordinates"":[-119.6560000865981,37.78378763707164]}"
00001106da6f5a664152,1058943600000,0.58,,,,WHISKEY,369,zhu2006,"{""geodesic"":true,""type"":""Point"",""coordinates"":[-119.52136957496712,37.80970852459492]}"
0000db427afe2ceb620f,1058943600000,1.05,,,,WHISKEY,370,zhu2006,"{""geodesic"":true,""type"":""Point"",""coordinates"":[-119.52213763453508,37.808563172607656]}"
00004a3d141d31357279,1058943600000,0.48,,,,WHISKEY,368,zhu2006,"{""geodesic"":true,""type"":""Point"",""coordinates"":[-119.52452266161441,37.80984776346396]}"
0000a76213b03103a825,1058943600000,0.63,,,,WHISKEY,367,zhu2006,"{""geodesic"":true,""type"":""Point"",""coordinates"":[-119.52322010445239,37.808935973450566]}"
00003c8fdb115007858c,1058943600000,1.03,,,,WHISKEY,362,zhu2006,"{""geodesic"":true,""type"":""Point"",""coordinates"":[-119.52686277292952,37.81081345239437]}"
0000dc11a313cdc44491,1058943600000,1.43,,,,WHISKEY,345,zhu2006,"{""geodesic"":true,""type"":""Point"",""coordinates"":[-119.59999012863327,37.84163464979251]}"
0000aabaab2ed3c96e0b,1058943600000,1.88,,,,WHISKEY,347,zhu2006,"{""geodesic"":true,""type"":""Point"",""coordinates"":[-119.5856709830044,37.85143077796585]}"
0000af1bab6e180cf884,1058943600000,0.68,,,,WHISKEY,344,zhu2006,"{""geodesic"":true,""type"":""Point"",""coordinates"":[-119.58595844389532,37.85245036581331]}"
000059c7131b0c8c5966,1058943600000,2.42,,,,WHISKEY,351,zhu2006,"{""geodesic"":true,""type"":""Point"",""coordinates"":[-119.58847372669088,37.851305013826064]}"
00006796fecd51249df6,1058943600000,2.85,,,,WHISKEY,359,zhu2006,"{""geodesic"":true,""type"":""Point"",""coordinates"":[-119.58855906664284,37.85235155113206]}"
000073d18aa63681d5f0,1058943600000,2.94,,,,WHISKEY,360,zhu2006,"{""geodesic"":true,""type"":""Point"",""coordinates"":[-119.58812338373005,37.85326783272186]}"
0000612742ae24bb88c3,1058943600000,2.88,,,,WHISKEY,361,zhu2006,"{""geodesic"":true,""type"":""Point"",""coordinates"":[-119.58864889817127,37.85404936701906]}"
00005d659e883e1efd83,1058943600000,2.76,,,,WHISKEY,358,zhu2006,"{""geodesic"":true,""type"":""Point"",""coordinates"":[-119.58925975256446,37.85527107580545]}"
0000d19b98bb80fa3a92,1058943600000,2.9,,,,WHISKEY,364,zhu2006,"{""geodesic"":true,""type"":""Point"",""coordinates"":[-119.59082731273527,37.85362266725909]}"
0000a6a12b474547b4f7,1058943600000,1.38,,,,WHISKEY,350,zhu2006,"{""geodesic"":true,""type"":""Point"",""coordinates"":[-119.58750803776041,37.84864150900865]}"
00006871755997838721,1058943600000,1.1,,,,WHISKEY,346,zhu2006,"{""geodesic"":true,""type"":""Point"",""coordinates"":[-119.5968999240559,37.84529977615173]}"
000002e652f349111503,1058943600000,0.78,,,,WHISKEY,339,zhu2006,"{""geodesic"":true,""type"":""Point"",""coordinates"":[-119.60049318519238,37.8463193639992]}"
0000d91b289b5089d5bb,1058943600000,0.48,,,,WHISKEY,366,zhu2006,"{""geodesic"":true,""type"":""Point"",""coordinates"":[-119.59861121467215,37.84770276953676]}"
000085fa1ebc2409338f,1058943600000,1.13,,,,WHISKEY,348,zhu2006,"{""geodesic"":true,""type"":""Point"",""coordinates"":[-119.60248295354668,37.84985423464221]}"
0000bddf51609feeff9e,1058943600000,0.6,,,,WHISKEY,365,zhu2006,"{""geodesic"":true,""type"":""Point"",""coordinates"":[-119.60325550469103,37.8499171167121]}"
00001b2f775e67b6d166,1058943600000,2.88,,,,WHISKEY,353,zhu2006,"{""geodesic"":true,""type"":""Point"",""coordinates"":[-119.59133036929437,37.85846009506408]}"
0000aa738b40e9d29147,1058943600000,1.18,,,,WHISKEY,349,zhu2006,"{""geodesic"":true,""type"":""Point"",""coordinates"":[-119.5909890094864,37.85626820577083]}"
000005c9e232540a6d20,1058943600000,2.15,,,,WHISKEY,352,zhu2006,"{""geodesic"":true,""type"":""Point"",""coordinates"":[-119.59037366351674,37.85711262213789]}"
0000ee163c97434e2ef9,1058943600000,0.35,,,,WHISKEY,340,zhu2006,"{""geodesic"":true,""type"":""Point"",""coordinates"":[-119.58781795653346,37.85693295908107]}"
00007adea66e60b34c19,1058943600000,0.43,,,,WHISKEY,343,zhu2006,"{""geodesic"":true,""type"":""Point"",""coordinates"":[-119.58765625978229,37.86005460469339]}"
0000514102609fae8c78,1058943600000,2.94,,,,WHISKEY,357,zhu2006,"{""geodesic"":true,""type"":""Point"",""coordinates"":[-119.5867220118868,37.86129427978547]}"
0000e770fe8563479c3f,1058943600000,2.18,,,,WHISKEY,354,zhu2006,"{""geodesic"":true,""type"":""Point"",""coordinates"":[-119.58500173811773,37.86117749879854]}"
0000e023967bf850515a,1058943600000,2.94,,,,WHISKEY,356,zhu2006,"{""geodesic"":true,""type"":""Point"",""coordinates"":[-119.58587310394336,37.86209378038834]}"
0000c85bc44decbc8534,1058943600000,1.58,,,,WHISKEY,355,zhu2006,"{""geodesic"":true,""type"":""Point"",""coordinates"":[-119.58615158168143,37.863189725034964]}"
000099154f347403fb4c,1058943600000,0.8,,,,WHISKEY,341,zhu2006,"{""geodesic"":true,""type"":""Point"",""coordinates"":[-119.57877641319877,37.86748816366948]}"
0000539e1d71e502d687,1058943600000,0.0,,,,WHISKEY,338,zhu2006,"{""geodesic"":true,""type"":""Point"",""coordinates"":[-119.57645426818938,37.87127456259205]}"
0000c32c38cb070aaf90,1058943600000,0.85,,,,WHISKEY,342,zhu2006,"{""geodesic"":true,""type"":""Point"",""coordinates"":[-119.57808920200644,37.86995403912439]}"
00001330b9e432284760,1025506800000,1.62,,,,Palisade,36,zhu2006,"{""geodesic"":true,""type"":""Point"",""coordinates"":[-118.54128065053419,37.05605344225357]}"
0000d7fab914a2c37636,1025506800000,2.26,,,,Palisade,33,zhu2006,"{""geodesic"":true,""type"":""Point"",""coordinates"":[-118.53664534366814,37.05530334899134]}"
0000f55c329ec8ae5a7e,1025506800000,0.34,,,,Palisade,9,zhu2006,"{""geodesic"":true,""type"":""Point"",""coordinates"":[-118.53631745858942,37.052365858012266]}"
000046cbaaca2fb3c494,1025506800000,,,,,Palisade,20,zhu2006,"{""geodesic"":true,""type"":""Point"",""coordinates"":[-118.54172531659982,37.05410858966345]}"
0000c167fd8446d815e6,1025506800000,,,,,Palisade,27,zhu2006,"{""geodesic"":true,""type"":""Point"",""coordinates"":[-118.54287516016352,37.05413104754556]}"
00005826ae035c138168,1025506800000,1.74,,,,Palisade,8,zhu2006,"{""geodesic"":true,""type"":""Point"",""coordinates"":[-118.54888938099072,37.05081626414716]}"
00000e256f1592ef6030,1025506800000,0.9,,,,Palisade,35,zhu2006,"{""geodesic"":true,""type"":""Point"",""coordinates"":[-118.5488893809907,37.05289137245347]}"
0000d8db0f8efc94367d,1025506800000,1.0,,,,Palisade,19,zhu2006,"{""geodesic"":true,""type"":""Point"",""coordinates"":[-118.5538615560883,37.053048577628196]}"
00002bafbac98e6871e1,1025506800000,0.64,,,,Palisade,11,zhu2006,"{""geodesic"":true,""type"":""Point"",""coordinates"":[-118.55467902299684,37.05240628220004]}"
0000cc52d33362f288bc,1025506800000,0.4,,,,Palisade,15,zhu2006,"{""geodesic"":true,""type"":""Point"",""coordinates"":[-118.55583784971336,37.05286891457137]}"
0000fa1374dda411acc3,1025506800000,2.0,,,,Palisade,22,zhu2006,"{""geodesic"":true,""type"":""Point"",""coordinates"":[-118.55296324080419,37.05255899579835]}"
00003b837ae6a583da89,1025506800000,0.54,,,,Palisade,29,zhu2006,"{""geodesic"":true,""type"":""Point"",""coordinates"":[-118.5526308641491,37.05280603250148]}"
00008dd09a574e089415,1025506800000,0.86,,,,Palisade,16,zhu2006,"{""geodesic"":true,""type"":""Point"",""coordinates"":[-118.55263984730189,37.04981913418177]}"
0000332369949b9164a9,1025506800000,,,,,Palisade,3,zhu2006,"{""geodesic"":true,""type"":""Point"",""coordinates"":[-118.56224283768911,37.05378070458475]}"
000008c5d3380a281ad5,1025506800000,0.94,,,,Palisade,26,zhu2006,"{""geodesic"":true,""type"":""Point"",""coordinates"":[-118.55750871614183,37.05420291276829]}"
000077ee26878c53cec4,1025506800000,2.94,,,,Palisade,30,zhu2006,"{""geodesic"":true,""type"":""Point"",""coordinates"":[-118.54671096642673,37.049221754517845]}"
00002c901847c92a4f76,1025506800000,2.4,,,,Palisade,23,zhu2006,"{""geodesic"":true,""type"":""Point"",""coordinates"":[-118.54567341227354,37.04970684477128]}"
0000d2219ed8787abe78,1025506800000,0.0,,,,Palisade,37,zhu2006,"{""geodesic"":true,""type"":""Point"",""coordinates"":[-118.53863511202248,37.047955129967235]}"
0000eb6ec6920a58ed0a,1025506800000,2.63,,,,Palisade,24,zhu2006,"{""geodesic"":true,""type"":""Point"",""coordinates"":[-118.53697772032326,37.05162923947928]}"
0000d7bfa2dc77ff3b14,1025506800000,,,,,Palisade,6,zhu2006,"{""geodesic"":true,""type"":""Point"",""coordinates"":[-118.52896923956536,37.05224458544891]}"
00006e85752caf9084e3,1025506800000,2.57,,,,Palisade,25,zhu2006,"{""geodesic"":true,""type"":""Point"",""coordinates"":[-118.52500317758596,37.05413553912198]}"
0000d9e7fc24c6395341,1025506800000,2.57,,,,Palisade,17,zhu2006,"{""geodesic"":true,""type"":""Point"",""coordinates"":[-118.52397909816206,37.05405019916997]}"
000073949dbf97d97b53,1025506800000,2.97,,,,Palisade,31,zhu2006,"{""geodesic"":true,""type"":""Point"",""coordinates"":[-118.52218695917026,37.05377621300834]}"
0000699f0ffc235ac022,1025506800000,0.62,,,,Palisade,13,zhu2006,"{""geodesic"":true,""type"":""Point"",""coordinates"":[-118.5216524615762,37.0551865680044]}"
00005bed2482ab30cd8d,1025506800000,1.21,,,,Palisade,10,zhu2006,"{""geodesic"":true,""type"":""Point"",""coordinates"":[-118.51818496457949,37.05273416727875]}"
000067b666190b930dd0,1025506800000,0.88,,,,Palisade,4,zhu2006,"{""geodesic"":true,""type"":""Point"",""coordinates"":[-118.51586731114647,37.053259681719965]}"
0000087fac52ccb510f4,1025506800000,0.0,,,,Palisade,7,zhu2006,"{""geodesic"":true,""type"":""Point"",""coordinates"":[-118.51580442907658,37.05512817751093]}"
0000b6829fa9ad04a401,1025506800000,0.92,,,,Palisade,12,zhu2006,"{""geodesic"":true,""type"":""Point"",""coordinates"":[-118.5166488454436,37.055694116139925]}"
0000db93caf2a18e550b,1025506800000,,,,,Palisade,21,zhu2006,"{""geodesic"":true,""type"":""Point"",""coordinates"":[-118.51225159212788,37.05520004273366]}"
000096dce61c4a7c9332,1025506800000,0.0,,,,Palisade,5,zhu2006,"{""geodesic"":true,""type"":""Point"",""coordinates"":[-118.51636138455272,37.058905593280656]}"
0000126f7df1e55f9c33,1025506800000,,,,,Palisade,28,zhu2006,"{""geodesic"":true,""type"":""Point"",""coordinates"":[-118.5241632527953,37.057032605913264]}"
00002a1411c8642e01ad,1025506800000,,,,,Palisade,32,zhu2006,"{""geodesic"":true,""type"":""Point"",""coordinates"":[-118.52609912223257,37.05700565645474]}"
00002f0d811f0f50c098,1025506800000,1.3,,,,Palisade,18,zhu2006,"{""geodesic"":true,""type"":""Point"",""coordinates"":[-118.53257148385467,37.054018758135044]}"
000027a1f7829b10ce8b,1025506800000,2.48,,,,Palisade,14,zhu2006,"{""geodesic"":true,""type"":""Point"",""coordinates"":[-118.53146655605521,37.0555144530831]}"
0000abf61c813ebc3e47,1025506800000,2.63,,,,Palisade,34,zhu2006,"{""geodesic"":true,""type"":""Point"",""coordinates"":[-118.53208639360123,37.05621513900471]}"
00007f65ffa91dcc964c,1033455600000,1.5,,,,Tar Gap,53,zhu2006,"{""geodesic"":true,""type"":""Point"",""coordinates"":[-118.67013499488831,36.45364770429945]}"
000029a6417fb53c808b,1033455600000,1.38,,,,Tar Gap,46,zhu2006,"{""geodesic"":true,""type"":""Point"",""coordinates"":[-118.67152738357872,36.45250235231219]}"
0000509d50c7f8f0d977,1033455600000,1.16,,,,Tar Gap,54,zhu2006,"{""geodesic"":true,""type"":""Point"",""coordinates"":[-118.67013948646473,36.45240353763094]}"
0000b71d8ef97fda95f4,1033455600000,2.63,,,,Tar Gap,48,zhu2006,"{""geodesic"":true,""type"":""Point"",""coordinates"":[-118.66907049127663,36.4504092777002]}"
0000f4a9a55fc06f6ed8,1033455600000,2.8,,,,Tar Gap,41,zhu2006,"{""geodesic"":true,""type"":""Point"",""coordinates"":[-118.66851353580046,36.45032842932463]}"
0000d5eb7b735e01b8b3,1033455600000,2.39,,,,Tar Gap,49,zhu2006,"{""geodesic"":true,""type"":""Point"",""coordinates"":[-118.66870218201015,36.44827577890041]}"
0000fe18e6ac3f37a8fe,1033455600000,1.62,,,,Tar Gap,57,zhu2006,"{""geodesic"":true,""type"":""Point"",""coordinates"":[-118.67016643592325,36.44693279755065]}"
000007520b8f123efb56,1033455600000,1.68,,,,Tar Gap,50,zhu2006,"{""geodesic"":true,""type"":""Point"",""coordinates"":[-118.66997329813718,36.43838083604584]}"
0000a4c48982155cca99,1033455600000,1.06,,,,Tar Gap,58,zhu2006,"{""geodesic"":true,""type"":""Point"",""coordinates"":[-118.67228196841737,36.44152044796383]}"
0000098c5d486a8a3fe7,1033455600000,1.65,,,,Tar Gap,55,zhu2006,"{""geodesic"":true,""type"":""Point"",""coordinates"":[-118.67074135770508,36.438749145312315]}"
0000d0c7b0b2e129c964,1033455600000,1.4,,,,Tar Gap,52,zhu2006,"{""geodesic"":true,""type"":""Point"",""coordinates"":[-118.67106924278377,36.438021509932184]}"
0000f0320685c6d00124,1033455600000,0.07,,,,Tar Gap,60,zhu2006,"{""geodesic"":true,""type"":""Point"",""coordinates"":[-118.6721157800898,36.43521427466931]}"
0000936e2987af9ed530,1033455600000,1.8,,,,Tar Gap,43,zhu2006,"{""geodesic"":true,""type"":""Point"",""coordinates"":[-118.66882794614995,36.43794515313304]}"
0000d7be247a9dac8981,1033455600000,2.4,,,,Tar Gap,47,zhu2006,"{""geodesic"":true,""type"":""Point"",""coordinates"":[-118.66829344855586,36.436382084538664]}"
0000afa8cf13b6610006,1028185200000,2.44,,,,McNally,84,zhu2006,"{""geodesic"":true,""type"":""Point"",""coordinates"":[-118.48922327981947,36.05669565497629]}"
0000e3749863fb3335f7,1028185200000,2.26,,,,McNally,83,zhu2006,"{""geodesic"":true,""type"":""Point"",""coordinates"":[-118.49131635443146,36.04690401837939]}"
000061b7983caeca9a5b,1028185200000,2.93,,,,McNally,81,zhu2006,"{""geodesic"":true,""type"":""Point"",""coordinates"":[-118.48773207644784,36.043553302369624]}"
00001d1951f97f498f5d,1028185200000,,,,,McNally,66,zhu2006,"{""geodesic"":true,""type"":""Point"",""coordinates"":[-118.4923000096676,36.037336960603504]}"
0000297c6296ca5b42c0,1028185200000,1.46,,,,McNally,75,zhu2006,"{""geodesic"":true,""type"":""Point"",""coordinates"":[-118.48696401687991,36.034987866135545]}"
0000418537b6bb0e135b,1028185200000,0.86,,,,McNally,64,zhu2006,"{""geodesic"":true,""type"":""Point"",""coordinates"":[-118.50884248562465,36.031686557466394]}"
000056f768f14c28ac52,1028185200000,2.58,,,,McNally,100,zhu2006,"{""geodesic"":true,""type"":""Point"",""coordinates"":[-118.51341491042082,36.02988094374532]}"
0000a271f6a4afe4e4f4,1028185200000,0.0,,,,McNally,86,zhu2006,"{""geodesic"":true,""type"":""Point"",""coordinates"":[-118.52612607169111,36.00652474635822]}"
00008430114ed5478e32,1028185200000,,,,,McNally,70,zhu2006,"{""geodesic"":true,""type"":""Point"",""coordinates"":[-118.51831522029569,36.011092679577956]}"
0000b341953562ffb7ef,1028185200000,,,,,McNally,69,zhu2006,"{""geodesic"":true,""type"":""Point"",""coordinates"":[-118.51505882739075,36.008626804123054]}"
0000844058e350794f90,1028185200000,2.15,,,,McNally,71,zhu2006,"{""geodesic"":true,""type"":""Point"",""coordinates"":[-118.51401229008475,36.011806840228836]}"
00008b378e6cb6e90413,1028185200000,,,,,McNally,91,zhu2006,"{""geodesic"":true,""type"":""Point"",""coordinates"":[-118.51660392967942,36.015696545409064]}"
0000da5f2b46f3615c24,1028185200000,2.68,,,,McNally,77,zhu2006,"{""geodesic"":true,""type"":""Point"",""coordinates"":[-118.51778970585448,36.017888434702314]}"
0000285deb2bfe22dc79,1028185200000,2.2,,,,McNally,76,zhu2006,"{""geodesic"":true,""type"":""Point"",""coordinates"":[-118.51683300007687,36.01777614529182]}"
000025e28123b63e2ac1,1028185200000,2.3,,,,McNally,85,zhu2006,"{""geodesic"":true,""type"":""Point"",""coordinates"":[-118.51597061740414,36.02192187032802]}"
000094e894fa37beb8b1,1028185200000,2.44,,,,McNally,67,zhu2006,"{""geodesic"":true,""type"":""Point"",""coordinates"":[-118.50246893868382,35.98936692443153]}"
0000c1283ebe051bd3f7,1028185200000,2.39,,,,McNally,68,zhu2006,"{""geodesic"":true,""type"":""Point"",""coordinates"":[-118.52465732620158,35.97012051946927]}"
000034a56e3062996d6a,1028185200000,,,,,McNally,72,zhu2006,"{""geodesic"":true,""type"":""Point"",""coordinates"":[-118.51449738033818,35.970484337159334]}"
000040ac390292661c41,1028185200000,,,,,McNally,73,zhu2006,"{""geodesic"":true,""type"":""Point"",""coordinates"":[-118.5136933881589,35.971333245102834]}"
0000746659759986190a,1028185200000,,,,,McNally,78,zhu2006,"{""geodesic"":true,""type"":""Point"",""coordinates"":[-118.52111796398212,35.97745975534052]}"
000086e5e3ad4fda88de,1028185200000,2.43,,,,McNally,80,zhu2006,"{""geodesic"":true,""type"":""Point"",""coordinates"":[-118.50430599343986,35.98449356401518]}"
00001eb71019d5bd58f1,1028185200000,2.5,,,,McNally,79,zhu2006,"{""geodesic"":true,""type"":""Point"",""coordinates"":[-118.50558609271972,35.98248582935517]}"
00000fc33fa2ea38dcfb,1028185200000,,,,,McNally,74,zhu2006,"{""geodesic"":true,""type"":""Point"",""coordinates"":[-118.49992221485334,35.98095420179575]}"
000014c2cedd5d8a76e0,1280127600000,1.6393225181104,1.9794918885828,1.870574431,2.040659116,Bull,301008,sikkink2013,"{""geodesic"":true,""type"":""Point"",""coordinates"":[-118.4525944741095,35.77584636454916]}"
00000ceadb3dc95175b8,1280127600000,,,,,Bull,301007,sikkink2013,"{""geodesic"":true,""type"":""Point"",""coordinates"":[-118.44836340912128,35.776066451793774]}"
0000ae8fa0a1db334ae7,1280127600000,2.5490766248342,2.291870727476788,2.336972418,2.204056559,Bull,301006,sikkink2013,"{""geodesic"":true,""type"":""Point"",""coordinates"":[-118.44751450117782,35.77867605769414]}"
0000e5c877b98e542ed9,1280127600000,2.71064177124783,2.41304458728701,2.519334762,2.234491378,Bull,301106,sikkink2013,"{""geodesic"":true,""type"":""Point"",""coordinates"":[-118.4522665890308,35.78445222497103]}"
00006ef589ce505fc75e,1280127600000,,,,,Bull,301107,sikkink2013,"{""geodesic"":true,""type"":""Point"",""coordinates"":[-118.45525348735049,35.78680131943899]}"
00007281583e124562b2,1280127600000,,,,,Bull,301108,sikkink2013,"{""geodesic"":true,""type"":""Point"",""coordinates"":[-118.45237438686489,35.78862489946576]}"
00000ce6517d10143735,1280127600000,,,0.728242016,0.728242016,Bull,301004,sikkink2013,"{""geodesic"":true,""type"":""Point"",""coordinates"":[-118.43536927853651,35.79608540790038]}"
00006149e39dc40938ac,1280127600000,,,,,Bull,301005,sikkink2013,"{""geodesic"":true,""type"":""Point"",""coordinates"":[-118.43604301499961,35.794832258079026]}"
0000bb66a89e8eea03a4,1280127600000,,,,,Bull,301105,sikkink2013,"{""geodesic"":true,""type"":""Point"",""coordinates"":[-118.43119660404179,35.79537573882591]}"
00001cd780e48bd5ee32,1280127600000,3.03035404550556,2.272765534129175,2.675271231,2.170212223,Bull,301003,sikkink2013,"{""geodesic"":true,""type"":""Point"",""coordinates"":[-118.41938824963201,35.789177363365496]}"
0000bee4fbed18b61b73,1280127600000,3.033738053940073,2.61201237968915,2.711600857,2.467758392,Bull,301001,sikkink2013,"{""geodesic"":true,""type"":""Point"",""coordinates"":[-118.42351600836254,35.787915230391306]}"
00002345fa2e53a04f69,1280127600000,,,,,Bull,301002,sikkink2013,"{""geodesic"":true,""type"":""Point"",""coordinates"":[-118.42225387538835,35.78902015819077]}"
000063fbc6a243845d5a,1280127600000,1.74813794510764,1.55342567084991,1.794051627,1.69669549,Bull,301101,sikkink2013,"{""geodesic"":true,""type"":""Point"",""coordinates"":[-118.4197116431343,35.78738073279726]}"
00009486c2d6eb1284f9,1280127600000,,,,,Bull,301102,sikkink2013,"{""geodesic"":true,""type"":""Point"",""coordinates"":[-118.41863366479336,35.78768166841743]}"
0000fd92fa14cd6089eb,1280127600000,2.98959289868381,2.24219467401286,2.782292623,2.408593511,Bull,301103,sikkink2013,"{""geodesic"":true,""type"":""Point"",""coordinates"":[-118.41392649270458,35.789864574557846]}"
00002a0b8f6456655a63,1028185200000,2.39,,,,McNally,87,zhu2006,"{""geodesic"":true,""type"":""Point"",""coordinates"":[-118.38140298784305,35.98570179807231]}"
00000ef300d69f07b3f0,1028185200000,2.94,,,,McNally,88,zhu2006,"{""geodesic"":true,""type"":""Point"",""coordinates"":[-118.38160960035836,35.98661807966213]}"
0000b8a4e5c287118066,1028185200000,2.45,,,,McNally,89,zhu2006,"{""geodesic"":true,""type"":""Point"",""coordinates"":[-118.38279986810987,35.98618239674933]}"
0000ba7521382923d6c3,1028185200000,,,,,McNally,63,zhu2006,"{""geodesic"":true,""type"":""Point"",""coordinates"":[-118.47087519014133,35.976193130789916]}"
000022a851c6572f49bd,1028185200000,1.71,,,,McNally,92,zhu2006,"{""geodesic"":true,""type"":""Point"",""coordinates"":[-118.42022817442269,35.97282444847446]}"
0000357673a6ede475a1,1028185200000,2.39,,,,McNally,93,zhu2006,"{""geodesic"":true,""type"":""Point"",""coordinates"":[-118.42104564133122,35.96944229142976]}"
0000c64c391e5430f811,1028185200000,2.4,,,,McNally,97,zhu2006,"{""geodesic"":true,""type"":""Point"",""coordinates"":[-118.41804526828227,35.97039001405451]}"
0000621f7f1706876133,1028185200000,2.5,,,,McNally,96,zhu2006,"{""geodesic"":true,""type"":""Point"",""coordinates"":[-118.41657652279277,35.97144553451334]}"
0000e3c1eaef8e52542f,1028185200000,,,,,McNally,94,zhu2006,"{""geodesic"":true,""type"":""Point"",""coordinates"":[-118.41810365877573,35.973111909365386]}"
000079d2e9221fec8b46,1028185200000,2.58,,,,McNally,90,zhu2006,"{""geodesic"":true,""type"":""Point"",""coordinates"":[-118.41692237417715,35.97347572705546]}"
0000647a9eabc2bdcb21,1028185200000,2.41,,,,McNally,95,zhu2006,"{""geodesic"":true,""type"":""Point"",""coordinates"":[-118.41586685371828,35.97196655737814]}"
00000a862557dd154e6e,1028185200000,2.54,,,,McNally,98,zhu2006,"{""geodesic"":true,""type"":""Point"",""coordinates"":[-118.39322032540562,35.98771851588517]}"
0000321a15f845881222,1028185200000,2.53,,,,McNally,99,zhu2006,"{""geodesic"":true,""type"":""Point"",""coordinates"":[-118.39602306909207,35.98751639494624]}"
00004a0b1fd41ae94345,1028185200000,2.7,,,,McNally,82,zhu2006,"{""geodesic"":true,""type"":""Point"",""coordinates"":[-118.47790001566314,36.031771897418395]}"
0000b7b1c0f055ea9619,1028185200000,2.28,,,,McNally,65,zhu2006,"{""geodesic"":true,""type"":""Point"",""coordinates"":[-118.47984935982969,36.030451373950726]}"
0000965e2db7f86e134f,1279436400000,1.02030405060708,0.765228037955311,1.346163657,1.21862565,Indian,281003,sikkink2013,"{""geodesic"":true,""type"":""Point"",""coordinates"":[-117.97531956365675,35.71306310934205]}"
0000682517fe2e2cb2da,1279436400000,1.53729211304969,1.15296908478727,1.864835221,1.672673707,Indian,281103,sikkink2013,"{""geodesic"":true,""type"":""Point"",""coordinates"":[-117.97511295114147,35.711315886114434]}"
00002047e880dcb18f54,1279436400000,,,,,Indian,281102,sikkink2013,"{""geodesic"":true,""type"":""Point"",""coordinates"":[-117.9802243651081,35.70451114783723]}"
0000912f25c5d499dacf,1279436400000,2.752576267727783,2.317807706696597,2.303050709,2.015324967,Indian,281002,sikkink2013,"{""geodesic"":true,""type"":""Point"",""coordinates"":[-117.97819417256598,35.70865687287344]}"
00009b938842421e5e81,1279436400000,2.650545862667073,2.241284902901067,2.147964493,1.830644832,Indian,281001,sikkink2013,"{""geodesic"":true,""type"":""Point"",""coordinates"":[-117.97678830914631,35.708463735087356]}"
0000e1c721be3b9a5795,1279436400000,3.033738053940073,2.528679046355817,2.620997857,2.192459953,Indian,281101,sikkink2013,"{""geodesic"":true,""type"":""Point"",""coordinates"":[-117.97699043008528,35.704807591880986]}"
000055e32b027f8b3279,1284274800000,,,,,Canyon,311106,sikkink2013,"{""geodesic"":true,""type"":""Point"",""coordinates"":[-118.59437108382569,35.55484283835009]}"
000027219119bf88bc71,1284274800000,,,1.512600755,1.512600755,Canyon,311105,sikkink2013,"{""geodesic"":true,""type"":""Point"",""coordinates"":[-118.59190071679437,35.555098858206065]}"
000026057fa2b6bec931,1284274800000,,,,,Canyon,311002,sikkink2013,"{""geodesic"":true,""type"":""Point"",""coordinates"":[-118.5815745826034,35.55717396651237]}"
000039b7e61ded68ddba,1284274800000,2.581420263238445,2.203895010713195,2.19640853,1.944725028,Canyon,311001,sikkink2013,"{""geodesic"":true,""type"":""Point"",""coordinates"":[-118.58108050919711,35.55860677939054]}"
0000fe126efba5bffc5e,1284274800000,2.70040472060674,2.278679046355817,2.394143455,2.077849199,Canyon,311004,sikkink2013,"{""geodesic"":true,""type"":""Point"",""coordinates"":[-118.58496572280096,35.55977908083632]}"
0000e9b4bcd5bfaa3fc5,1284274800000,1.93857769615345,1.93857769615345,1.416182022,1.416182022,Canyon,311003,sikkink2013,"{""geodesic"":true,""type"":""Point"",""coordinates"":[-118.58535648994955,35.55724134015868]}"
0000d63467ac0f9e5256,1284274800000,,,,,Canyon,311104,sikkink2013,"{""geodesic"":true,""type"":""Point"",""coordinates"":[-118.58969984434827,35.55574115363418]}"
0000eb1fb278978e81fd,1284274800000,0.836649321497806,0.836649321497806,1.540965208,1.391881781,Canyon,311101,sikkink2013,"{""geodesic"":true,""type"":""Point"",""coordinates"":[-118.5792704038996,35.56244258565373]}"
000044e89e37b3c6aab5,1284274800000,,,,,Canyon,311103,sikkink2013,"{""geodesic"":true,""type"":""Point"",""coordinates"":[-118.57515611989837,35.557977958691644]}"
0000f31aa2a03b696d93,1284274800000,,,1.730146584,1.593536374,Canyon,311102,sikkink2013,"{""geodesic"":true,""type"":""Point"",""coordinates"":[-118.57675961268052,35.56037646050025]}"
